open,high,low,close,volume,timestamp,date
395.0,399.7,380.0,382.55,650412.0,2025-01-31 18:30:00,2025-01-31 18:30:00
379.75,383.2,359.0,362.0,720390.0,2025-02-02 18:30:00,2025-02-02 18:30:00
369.55,377.45,363.2,373.05,774969.0,2025-02-03 18:30:00,2025-02-03 18:30:00
375.65,390.4,373.0,374.8,727545.0,2025-02-04 18:30:00,2025-02-04 18:30:00
378.35,387.6,373.0,376.95,656048.0,2025-02-05 18:30:00,2025-02-05 18:30:00
377.9,377.9,367.05,369.4,421233.0,2025-02-06 18:30:00,2025-02-06 18:30:00
369.25,369.85,359.6,365.75,365865.0,2025-02-09 18:30:00,2025-02-09 18:30:00
367.75,367.75,348.0,351.0,468995.0,2025-02-10 18:30:00,2025-02-10 18:30:00
348.05,350.35,333.8,342.95,1380844.0,2025-02-11 18:30:00,2025-02-11 18:30:00
346.75,356.45,340.0,342.8,831900.0,2025-02-12 18:30:00,2025-02-12 18:30:00
346.0,347.15,333.05,340.65,856547.0,2025-02-13 18:30:00,2025-02-13 18:30:00
339.75,344.25,331.25,339.9,448512.0,2025-02-16 18:30:00,2025-02-16 18:30:00
340.0,347.6,335.3,343.25,617557.0,2025-02-17 18:30:00,2025-02-17 18:30:00
343.25,359.5,337.95,352.05,462851.0,2025-02-18 18:30:00,2025-02-18 18:30:00
350.8,365.4,348.65,363.05,443039.0,2025-02-19 18:30:00,2025-02-19 18:30:00
360.1,368.85,355.25,359.25,356272.0,2025-02-20 18:30:00,2025-02-20 18:30:00
359.0,364.0,350.4,355.85,340603.0,2025-02-23 18:30:00,2025-02-23 18:30:00
356.9,361.75,340.0,342.55,382538.0,2025-02-24 18:30:00,2025-02-24 18:30:00
343.0,348.7,338.55,346.2,336318.0,2025-02-26 18:30:00,2025-02-26 18:30:00
341.95,361.05,335.75,358.4,842562.0,2025-02-27 18:30:00,2025-02-27 18:30:00
357.0,359.15,338.3,350.65,505465.0,2025-03-02 18:30:00,2025-03-02 18:30:00
348.0,364.8,345.0,357.95,424440.0,2025-03-03 18:30:00,2025-03-03 18:30:00
355.0,374.0,354.95,371.9,601981.0,2025-03-04 18:30:00,2025-03-04 18:30:00
374.0,393.0,374.0,384.55,897546.0,2025-03-05 18:30:00,2025-03-05 18:30:00
385.0,400.9,385.0,394.0,788913.0,2025-03-06 18:30:00,2025-03-06 18:30:00
395.0,401.85,383.85,387.8,381437.0,2025-03-09 18:30:00,2025-03-09 18:30:00
385.0,417.35,381.1,399.6,7024943.0,2025-03-10 18:30:00,2025-03-10 18:30:00
401.9,417.5,397.35,406.15,1739732.0,2025-03-11 18:30:00,2025-03-11 18:30:00
407.6,409.0,396.5,400.2,527666.0,2025-03-12 18:30:00,2025-03-12 18:30:00
401.55,409.8,394.3,404.65,743292.0,2025-03-16 18:30:00,2025-03-16 18:30:00
406.0,421.35,402.85,419.2,1126679.0,2025-03-17 18:30:00,2025-03-17 18:30:00
420.0,426.85,415.1,417.15,748756.0,2025-03-18 18:30:00,2025-03-18 18:30:00
417.5,429.8,416.1,424.05,605438.0,2025-03-19 18:30:00,2025-03-19 18:30:00
424.9,432.8,423.3,429.5,586581.0,2025-03-20 18:30:00,2025-03-20 18:30:00
432.0,439.35,429.15,431.75,386821.0,2025-03-23 18:30:00,2025-03-23 18:30:00
434.6,510.4,433.2,483.0,30111945.0,2025-03-24 18:30:00,2025-03-24 18:30:00
480.0,516.0,473.35,499.25,24008873.0,2025-03-25 18:30:00,2025-03-25 18:30:00
490.0,497.0,481.4,486.0,4623683.0,2025-03-26 18:30:00,2025-03-26 18:30:00
485.95,495.9,474.0,482.85,1621799.0,2025-03-27 18:30:00,2025-03-27 18:30:00
484.7,495.45,476.1,482.55,1130516.0,2025-03-31 18:30:00,2025-03-31 18:30:00
484.0,511.75,469.0,500.65,2495655.0,2025-04-01 18:30:00,2025-04-01 18:30:00
495.85,504.0,490.05,498.35,879050.0,2025-04-02 18:30:00,2025-04-02 18:30:00
498.35,498.7,470.1,474.7,866951.0,2025-04-03 18:30:00,2025-04-03 18:30:00
410.0,461.0,406.1,455.15,1293109.0,2025-04-06 18:30:00,2025-04-06 18:30:00
469.95,474.4,454.05,457.15,737503.0,2025-04-07 18:30:00,2025-04-07 18:30:00
458.0,460.65,442.0,444.55,449514.0,2025-04-08 18:30:00,2025-04-08 18:30:00
469.5,469.7,443.4,453.0,1053850.0,2025-04-10 18:30:00,2025-04-10 18:30:00
463.15,477.85,455.0,474.6,1011773.0,2025-04-14 18:30:00,2025-04-14 18:30:00
477.95,485.0,473.55,479.75,753013.0,2025-04-15 18:30:00,2025-04-15 18:30:00
479.75,492.0,475.65,479.0,1200056.0,2025-04-16 18:30:00,2025-04-16 18:30:00
480.9,485.5,474.05,480.2,596588.0,2025-04-20 18:30:00,2025-04-20 18:30:00
485.05,497.7,475.6,479.4,1311803.0,2025-04-21 18:30:00,2025-04-21 18:30:00
482.0,483.45,467.15,473.75,621889.0,2025-04-22 18:30:00,2025-04-22 18:30:00
474.9,483.75,472.05,476.7,578695.0,2025-04-23 18:30:00,2025-04-23 18:30:00
475.0,476.6,455.25,464.1,813618.0,2025-04-24 18:30:00,2025-04-24 18:30:00
461.5,492.45,458.7,478.4,1775818.0,2025-04-27 18:30:00,2025-04-27 18:30:00
480.0,486.7,470.0,472.25,470717.0,2025-04-28 18:30:00,2025-04-28 18:30:00
473.0,482.8,464.0,466.35,748416.0,2025-04-29 18:30:00,2025-04-29 18:30:00
467.0,470.6,456.65,460.45,419045.0,2025-05-01 18:30:00,2025-05-01 18:30:00
460.1,472.95,457.95,468.2,727209.0,2025-05-04 18:30:00,2025-05-04 18:30:00
471.0,471.0,441.1,447.0,641995.0,2025-05-05 18:30:00,2025-05-05 18:30:00
438.0,449.8,434.0,447.35,667398.0,2025-05-06 18:30:00,2025-05-06 18:30:00
450.6,454.5,430.1,436.25,303101.0,2025-05-07 18:30:00,2025-05-07 18:30:00
427.0,434.4,416.05,424.9,493728.0,2025-05-08 18:30:00,2025-05-08 18:30:00
448.7,466.0,445.85,463.3,827840.0,2025-05-11 18:30:00,2025-05-11 18:30:00
464.0,467.7,458.6,461.6,342976.0,2025-05-12 18:30:00,2025-05-12 18:30:00
464.35,492.7,463.0,488.2,2499122.0,2025-05-13 18:30:00,2025-05-13 18:30:00
489.75,490.5,480.85,483.75,615664.0,2025-05-14 18:30:00,2025-05-14 18:30:00
486.0,495.0,479.4,490.6,717101.0,2025-05-15 18:30:00,2025-05-15 18:30:00
492.9,550.9,492.6,528.7,14342722.0,2025-05-18 18:30:00,2025-05-18 18:30:00
515.0,519.0,492.35,494.45,3403597.0,2025-05-19 18:30:00,2025-05-19 18:30:00
492.0,504.95,481.4,492.55,1574960.0,2025-05-20 18:30:00,2025-05-20 18:30:00
491.0,497.9,475.55,480.2,816418.0,2025-05-21 18:30:00,2025-05-21 18:30:00
483.8,514.6,477.7,495.3,3007472.0,2025-05-22 18:30:00,2025-05-22 18:30:00
495.0,495.0,486.95,487.8,443610.0,2025-05-25 18:30:00,2025-05-25 18:30:00
489.05,509.2,488.15,499.9,1273905.0,2025-05-26 18:30:00,2025-05-26 18:30:00
498.05,499.95,488.4,490.7,425536.0,2025-05-27 18:30:00,2025-05-27 18:30:00
492.7,525.8,488.6,514.35,4497298.0,2025-05-28 18:30:00,2025-05-28 18:30:00
514.35,532.0,512.25,523.5,2324079.0,2025-05-29 18:30:00,2025-05-29 18:30:00
523.9,526.9,515.25,519.25,598555.0,2025-06-01 18:30:00,2025-06-01 18:30:00
526.0,538.7,511.55,517.35,2031625.0,2025-06-02 18:30:00,2025-06-02 18:30:00
517.05,535.95,505.75,522.95,1982677.0,2025-06-03 18:30:00,2025-06-03 18:30:00
524.0,539.0,520.7,524.5,1274609.0,2025-06-04 18:30:00,2025-06-04 18:30:00
525.95,529.45,520.9,522.5,461655.0,2025-06-05 18:30:00,2025-06-05 18:30:00
523.8,529.9,521.65,523.5,506308.0,2025-06-08 18:30:00,2025-06-08 18:30:00
527.0,539.9,524.95,527.15,1277021.0,2025-06-09 18:30:00,2025-06-09 18:30:00
530.0,537.8,513.7,515.05,1024557.0,2025-06-10 18:30:00,2025-06-10 18:30:00
517.95,523.95,501.3,505.05,594914.0,2025-06-11 18:30:00,2025-06-11 18:30:00
494.95,508.8,492.95,503.55,465799.0,2025-06-12 18:30:00,2025-06-12 18:30:00
501.0,511.75,491.0,504.7,696554.0,2025-06-15 18:30:00,2025-06-15 18:30:00
507.7,510.6,498.0,502.5,416600.0,2025-06-16 18:30:00,2025-06-16 18:30:00
499.9,508.85,492.65,501.05,605892.0,2025-06-17 18:30:00,2025-06-17 18:30:00
501.05,506.9,481.0,487.2,488171.0,2025-06-18 18:30:00,2025-06-18 18:30:00
485.9,493.9,484.35,488.6,392746.0,2025-06-19 18:30:00,2025-06-19 18:30:00
485.0,497.3,481.0,493.75,417308.0,2025-06-22 18:30:00,2025-06-22 18:30:00
498.0,503.7,489.4,491.4,399598.0,2025-06-23 18:30:00,2025-06-23 18:30:00
494.0,505.85,492.3,493.75,503102.0,2025-06-24 18:30:00,2025-06-24 18:30:00
496.5,500.55,492.75,495.35,313340.0,2025-06-25 18:30:00,2025-06-25 18:30:00
498.8,529.0,496.0,509.7,2793402.0,2025-06-26 18:30:00,2025-06-26 18:30:00
512.0,521.95,505.85,510.0,976091.0,2025-06-29 18:30:00,2025-06-29 18:30:00
512.6,524.0,510.6,513.35,646235.0,2025-06-30 18:30:00,2025-06-30 18:30:00
510.9,512.9,500.15,502.9,571996.0,2025-07-01 18:30:00,2025-07-01 18:30:00
503.0,508.45,502.2,505.65,288061.0,2025-07-02 18:30:00,2025-07-02 18:30:00
505.65,510.7,502.35,505.45,257541.0,2025-07-03 18:30:00,2025-07-03 18:30:00
505.5,506.0,487.1,489.25,522874.0,2025-07-06 18:30:00,2025-07-06 18:30:00
489.25,498.0,488.05,494.45,286939.0,2025-07-07 18:30:00,2025-07-07 18:30:00
496.9,499.85,492.0,493.25,245905.0,2025-07-08 18:30:00,2025-07-08 18:30:00
494.0,506.6,494.0,501.15,480238.0,2025-07-09 18:30:00,2025-07-09 18:30:00
501.7,513.4,499.85,505.45,617460.0,2025-07-10 18:30:00,2025-07-10 18:30:00
504.8,535.95,494.55,531.45,3208968.0,2025-07-13 18:30:00,2025-07-13 18:30:00
535.7,541.65,528.05,531.9,1440257.0,2025-07-14 18:30:00,2025-07-14 18:30:00
534.0,557.0,533.2,550.45,3731594.0,2025-07-16 18:30:00,2025-07-16 18:30:00
559.0,563.0,537.0,539.3,1572704.0,2025-07-17 18:30:00,2025-07-17 18:30:00
546.0,559.0,535.5,538.65,1354391.0,2025-07-20 18:30:00,2025-07-20 18:30:00
539.05,549.0,538.0,540.65,579918.0,2025-07-21 18:30:00,2025-07-21 18:30:00
541.65,544.0,531.3,541.15,506121.0,2025-07-22 18:30:00,2025-07-22 18:30:00
543.0,547.9,528.1,530.8,514231.0,2025-07-23 18:30:00,2025-07-23 18:30:00
531.7,532.0,508.6,513.7,679840.0,2025-07-24 18:30:00,2025-07-24 18:30:00
514.0,522.8,507.05,514.85,441672.0,2025-07-27 18:30:00,2025-07-27 18:30:00
514.05,527.0,510.6,525.35,396580.0,2025-07-28 18:30:00,2025-07-28 18:30:00
551.35,619.0,542.1,573.1,46705589.0,2025-07-30 18:30:00,2025-07-30 18:30:00
576.0,583.7,525.3,532.6,6685699.0,2025-07-31 18:30:00,2025-07-31 18:30:00
535.85,542.65,520.7,530.25,2965972.0,2025-08-03 18:30:00,2025-08-03 18:30:00
533.95,540.0,523.55,527.35,1090556.0,2025-08-04 18:30:00,2025-08-04 18:30:00
529.0,535.45,518.7,522.95,1073836.0,2025-08-05 18:30:00,2025-08-05 18:30:00
521.0,525.0,509.0,519.75,688897.0,2025-08-06 18:30:00,2025-08-06 18:30:00
519.0,520.75,503.4,505.8,460883.0,2025-08-07 18:30:00,2025-08-07 18:30:00
504.8,513.65,500.0,505.55,567368.0,2025-08-10 18:30:00,2025-08-10 18:30:00
506.0,514.35,501.1,507.0,636458.0,2025-08-11 18:30:00,2025-08-11 18:30:00
508.05,513.0,501.8,503.0,365106.0,2025-08-12 18:30:00,2025-08-12 18:30:00
505.0,507.25,495.1,504.3,554749.0,2025-08-13 18:30:00,2025-08-13 18:30:00
508.05,520.7,501.0,513.9,814327.0,2025-08-17 18:30:00,2025-08-17 18:30:00
516.0,519.85,508.0,509.55,654107.0,2025-08-18 18:30:00,2025-08-18 18:30:00
509.0,512.55,500.65,502.0,553727.0,2025-08-19 18:30:00,2025-08-19 18:30:00
505.0,508.85,495.6,496.65,537998.0,2025-08-20 18:30:00,2025-08-20 18:30:00
498.9,501.4,485.0,486.7,575554.0,2025-08-21 18:30:00,2025-08-21 18:30:00
489.0,493.2,485.25,490.95,376168.0,2025-08-24 18:30:00,2025-08-24 18:30:00
490.0,490.0,476.0,478.2,334890.0,2025-08-25 18:30:00,2025-08-25 18:30:00
476.1,479.85,470.0,470.95,303576.0,2025-08-27 18:30:00,2025-08-27 18:30:00
471.0,473.1,459.8,462.0,363586.0,2025-08-28 18:30:00,2025-08-28 18:30:00
466.6,480.75,465.15,478.45,491006.0,2025-08-31 18:30:00,2025-08-31 18:30:00
479.0,498.0,475.6,478.25,800647.0,2025-09-01 18:30:00,2025-09-01 18:30:00
481.5,495.0,478.4,490.25,598186.0,2025-09-02 18:30:00,2025-09-02 18:30:00
494.3,510.8,493.0,496.6,1632493.0,2025-09-03 18:30:00,2025-09-03 18:30:00
498.8,501.0,490.4,492.45,415169.0,2025-09-04 18:30:00,2025-09-04 18:30:00
495.5,506.6,485.7,491.1,592203.0,2025-09-07 18:30:00,2025-09-07 18:30:00
493.5,501.0,490.2,499.1,426064.0,2025-09-08 18:30:00,2025-09-08 18:30:00
502.0,512.0,501.0,508.85,1003567.0,2025-09-09 18:30:00,2025-09-09 18:30:00
512.9,515.9,503.9,510.45,689909.0,2025-09-10 18:30:00,2025-09-10 18:30:00
510.95,523.0,507.0,518.55,1072838.0,2025-09-11 18:30:00,2025-09-11 18:30:00
519.15,524.7,512.5,514.45,752190.0,2025-09-14 18:30:00,2025-09-14 18:30:00
516.0,529.45,508.15,510.5,1206242.0,2025-09-15 18:30:00,2025-09-15 18:30:00
512.9,522.4,510.55,518.65,542314.0,2025-09-16 18:30:00,2025-09-16 18:30:00
520.9,531.0,515.6,518.75,1117121.0,2025-09-17 18:30:00,2025-09-17 18:30:00
519.0,526.9,516.35,521.35,672131.0,2025-09-18 18:30:00,2025-09-18 18:30:00
521.0,528.6,515.05,517.2,481523.0,2025-09-21 18:30:00,2025-09-21 18:30:00
519.0,529.7,516.35,519.35,758187.0,2025-09-22 18:30:00,2025-09-22 18:30:00
518.0,526.0,517.0,521.9,522066.0,2025-09-23 18:30:00,2025-09-23 18:30:00
520.1,532.5,518.05,521.8,1015799.0,2025-09-24 18:30:00,2025-09-24 18:30:00
520.9,521.45,504.7,506.75,513348.0,2025-09-25 18:30:00,2025-09-25 18:30:00
508.0,519.0,506.0,507.65,474270.0,2025-09-28 18:30:00,2025-09-28 18:30:00
509.95,511.0,501.1,504.9,266363.0,2025-09-29 18:30:00,2025-09-29 18:30:00
507.45,518.2,506.9,513.4,340088.0,2025-09-30 18:30:00,2025-09-30 18:30:00
515.0,521.25,512.3,516.9,601093.0,2025-10-02 18:30:00,2025-10-02 18:30:00
517.0,534.9,516.55,520.1,872730.0,2025-10-05 18:30:00,2025-10-05 18:30:00
520.3,523.3,509.15,510.75,498732.0,2025-10-06 18:30:00,2025-10-06 18:30:00
511.15,544.0,509.65,515.75,3702439.0,2025-10-07 18:30:00,2025-10-07 18:30:00
518.75,551.2,517.0,535.35,3797564.0,2025-10-08 18:30:00,2025-10-08 18:30:00
531.7,531.8,512.5,515.2,1621813.0,2025-10-09 18:30:00,2025-10-09 18:30:00
515.4,522.4,506.2,519.45,783214.0,2025-10-12 18:30:00,2025-10-12 18:30:00
520.0,529.7,515.0,518.6,772100.0,2025-10-13 18:30:00,2025-10-13 18:30:00
518.1,524.0,506.0,511.3,824815.0,2025-10-14 18:30:00,2025-10-14 18:30:00
513.9,526.4,512.1,521.35,945628.0,2025-10-15 18:30:00,2025-10-15 18:30:00
518.0,527.95,511.15,512.25,441286.0,2025-10-16 18:30:00,2025-10-16 18:30:00
514.6,516.0,504.1,506.8,402535.0,2025-10-19 18:30:00,2025-10-19 18:30:00
508.85,515.7,508.5,513.15,97340.0,2025-10-20 18:30:00,2025-10-20 18:30:00
516.0,523.55,510.6,514.4,449391.0,2025-10-22 18:30:00,2025-10-22 18:30:00
516.6,526.2,514.4,515.7,507984.0,2025-10-23 18:30:00,2025-10-23 18:30:00
518.0,525.9,515.0,524.2,625086.0,2025-10-26 18:30:00,2025-10-26 18:30:00
538.0,585.0,536.0,580.6,9487780.0,2025-10-28 18:30:00,2025-10-28 18:30:00
578.0,598.0,570.5,588.85,3180111.0,2025-10-29 18:30:00,2025-10-29 18:30:00
587.0,594.0,581.1,591.0,1127330.0,2025-10-30 18:30:00,2025-10-30 18:30:00
591.0,606.55,582.0,583.55,1201834.0,2025-11-02 18:30:00,2025-11-02 18:30:00
584.0,592.5,578.1,579.7,638595.0,2025-11-03 18:30:00,2025-11-03 18:30:00
582.3,583.2,555.05,556.65,788256.0,2025-11-05 18:30:00,2025-11-05 18:30:00
556.0,557.0,544.0,549.5,501238.0,2025-11-06 18:30:00,2025-11-06 18:30:00
550.7,555.25,511.05,519.3,1530693.0,2025-11-09 18:30:00,2025-11-09 18:30:00
540.0,581.7,527.0,531.8,25128586.0,2025-11-10 18:30:00,2025-11-10 18:30:00
535.5,538.8,520.35,522.15,2008269.0,2025-11-11 18:30:00,2025-11-11 18:30:00
525.3,529.8,514.0,515.25,1101604.0,2025-11-12 18:30:00,2025-11-12 18:30:00
516.0,521.6,513.6,515.9,745163.0,2025-11-13 18:30:00,2025-11-13 18:30:00
515.0,517.9,505.75,511.0,913203.0,2025-11-16 18:30:00,2025-11-16 18:30:00
510.0,524.45,505.6,516.95,1686317.0,2025-11-17 18:30:00,2025-11-17 18:30:00
518.7,523.4,511.05,520.1,792713.0,2025-11-18 18:30:00,2025-11-18 18:30:00
522.0,527.8,511.0,513.45,633493.0,2025-11-19 18:30:00,2025-11-19 18:30:00
513.95,515.55,501.7,503.45,600067.0,2025-11-20 18:30:00,2025-11-20 18:30:00
504.0,504.55,490.95,496.9,512293.0,2025-11-23 18:30:00,2025-11-23 18:30:00
499.0,532.9,492.75,525.4,7623207.0,2025-11-24 18:30:00,2025-11-24 18:30:00
524.0,550.0,517.45,547.65,3789827.0,2025-11-25 18:30:00,2025-11-25 18:30:00
545.2,547.0,532.0,533.75,934920.0,2025-11-26 18:30:00,2025-11-26 18:30:00
534.0,534.3,526.3,527.7,523992.0,2025-11-27 18:30:00,2025-11-27 18:30:00
527.7,533.3,520.25,522.1,614805.0,2025-11-30 18:30:00,2025-11-30 18:30:00
522.0,526.75,518.1,520.0,418530.0,2025-12-01 18:30:00,2025-12-01 18:30:00
522.0,526.6,518.65,523.7,393083.0,2025-12-02 18:30:00,2025-12-02 18:30:00
524.0,535.55,522.0,523.1,883365.0,2025-12-03 18:30:00,2025-12-03 18:30:00
523.3,527.7,515.1,520.5,477245.0,2025-12-04 18:30:00,2025-12-04 18:30:00
521.05,526.45,513.6,521.3,475124.0,2025-12-07 18:30:00,2025-12-07 18:30:00
521.0,538.5,510.75,536.75,1009924.0,2025-12-08 18:30:00,2025-12-08 18:30:00
535.5,548.1,535.5,547.1,987318.0,2025-12-09 18:30:00,2025-12-09 18:30:00
550.55,558.0,532.0,533.25,1166624.0,2025-12-10 18:30:00,2025-12-10 18:30:00
533.6,539.8,532.1,534.5,435141.0,2025-12-11 18:30:00,2025-12-11 18:30:00
535.0,548.3,532.05,535.65,883594.0,2025-12-14 18:30:00,2025-12-14 18:30:00
535.7,538.6,529.85,534.0,269431.0,2025-12-15 18:30:00,2025-12-15 18:30:00
535.0,535.3,525.0,526.25,265847.0,2025-12-16 18:30:00,2025-12-16 18:30:00
525.95,529.05,520.0,520.5,233169.0,2025-12-17 18:30:00,2025-12-17 18:30:00
523.9,531.9,521.25,530.2,345772.0,2025-12-18 18:30:00,2025-12-18 18:30:00
531.4,536.85,528.35,530.05,459583.0,2025-12-21 18:30:00,2025-12-21 18:30:00
531.1,548.8,530.0,539.0,1296360.0,2025-12-22 18:30:00,2025-12-22 18:30:00
541.25,564.45,541.25,550.55,3443683.0,2025-12-23 18:30:00,2025-12-23 18:30:00
550.55,571.0,546.8,559.8,1784193.0,2025-12-25 18:30:00,2025-12-25 18:30:00
562.4,606.45,560.4,600.25,9747732.0,2025-12-28 18:30:00,2025-12-28 18:30:00
594.0,605.0,572.0,600.7,4714980.0,2025-12-29 18:30:00,2025-12-29 18:30:00
601.95,672.0,597.25,623.85,25491810.0,2025-12-30 18:30:00,2025-12-30 18:30:00
626.0,638.0,615.5,624.15,4891684.0,2025-12-31 18:30:00,2025-12-31 18:30:00
624.2,627.7,606.85,619.7,2483233.0,2026-01-01 18:30:00,2026-01-01 18:30:00
623.8,634.8,617.0,620.3,2213242.0,2026-01-04 18:30:00,2026-01-04 18:30:00
625.2,644.9,617.25,637.5,4994967.0,2026-01-05 18:30:00,2026-01-05 18:30:00
637.0,637.2,613.0,618.55,1542944.0,2026-01-06 18:30:00,2026-01-06 18:30:00
615.0,616.2,595.2,599.0,1539210.0,2026-01-07 18:30:00,2026-01-07 18:30:00
594.9,603.7,572.5,574.55,1318109.0,2026-01-08 18:30:00,2026-01-08 18:30:00
577.0,583.15,562.05,569.6,1114732.0,2026-01-11 18:30:00,2026-01-11 18:30:00
580.0,584.65,536.0,550.7,2533772.0,2026-01-12 18:30:00,2026-01-12 18:30:00
554.0,584.45,550.75,565.0,5548142.0,2026-01-13 18:30:00,2026-01-13 18:30:00
567.0,584.2,565.1,577.25,1838911.0,2026-01-15 18:30:00,2026-01-15 18:30:00
577.0,594.8,571.85,583.35,1754272.0,2026-01-18 18:30:00,2026-01-18 18:30:00
589.0,589.0,554.0,558.75,1420779.0,2026-01-19 18:30:00,2026-01-19 18:30:00
554.95,563.85,543.7,547.75,1745041.0,2026-01-20 18:30:00,2026-01-20 18:30:00
553.45,559.5,545.0,547.95,556507.0,2026-01-21 18:30:00,2026-01-21 18:30:00
550.0,556.0,526.7,528.9,650372.0,2026-01-22 18:30:00,2026-01-22 18:30:00
528.9,551.9,516.6,545.15,982682.0,2026-01-26 18:30:00,2026-01-26 18:30:00
550.7,572.3,543.0,569.3,1336161.0,2026-01-27 18:30:00,2026-01-27 18:30:00
572.3,575.0,560.5,570.4,1161743.0,2026-01-28 18:30:00,2026-01-28 18:30:00
563.0,563.9,532.0,542.0,1465740.0,2026-01-29 18:30:00,2026-01-29 18:30:00
